キケンな嘘〜君への３つのウソ〜,66,066,,,キケンナウソキミヘノミッツノウソ,,,,,,,シャインパートナーズ,,しゃいんぱーとなーず,シャインパートナーズ,ARAHWI┴Studio TooN,,アラフィ┴スタジオトゥーン,,,,,,,,,,,,,,,,,,,,,,,,,,,,,kikenna_066,,,,,,,,,,
キケンな嘘〜君への３つのウソ〜,67,067,,,キケンナウソキミヘノミッツノウソ,,,,,,,シャインパートナーズ,,しゃいんぱーとなーず,シャインパートナーズ,ARAHWI┴Studio TooN,,アラフィ┴スタジオトゥーン,,,,,,,,,,,,,,,,,,,,,,,,,,,,,kikenna_067,,,,,,,,,,
キケンな嘘〜君への３つのウソ〜,68,068,,,キケンナウソキミヘノミッツノウソ,,,,,,,シャインパートナーズ,,しゃいんぱーとなーず,シャインパートナーズ,ARAHWI┴Studio TooN,,アラフィ┴スタジオトゥーン,,,,,,,,,,,,,,,,,,,,,,,,,,,,,kikenna_068,,,,,,,,,,
キケンな嘘〜君への３つのウソ〜,69,069,,,キケンナウソキミヘノミッツノウソ,,,,,,,シャインパートナーズ,,しゃいんぱーとなーず,シャインパートナーズ,ARAHWI┴Studio TooN,,アラフィ┴スタジオトゥーン,,,,,,,,,,,,,,,,,,,,,,,,,,,,,kikenna_069,,,,,,,,,,
キケンな嘘〜君への３つのウソ〜,70,070,,,キケンナウソキミヘノミッツノウソ,,,,,,,シャインパートナーズ,,しゃいんぱーとなーず,シャインパートナーズ,ARAHWI┴Studio TooN,,アラフィ┴スタジオトゥーン,,,,,,,,,,,,,,,,,,,,,,,,,,,,,kikenna_070,,,,,,,,,,
キケンな嘘〜君への３つのウソ〜,71,071,,,キケンナウソキミヘノミッツノウソ,,,,,,,シャインパートナーズ,,しゃいんぱーとなーず,シャインパートナーズ,ARAHWI┴Studio TooN,,アラフィ┴スタジオトゥーン,,,,,,,,,,,,,,,,,,,,,,,,,,,,,kikenna_071,,,,,,,,,,
キケンな嘘〜君への３つのウソ〜,72,072,,,キケンナウソキミヘノミッツノウソ,,,,,,,シャインパートナーズ,,しゃいんぱーとなーず,シャインパートナーズ,ARAHWI┴Studio TooN,,アラフィ┴スタジオトゥーン,,,,,,,,,,,,,,,,,,,,,,,,,,,,,kikenna_072,,,,,,,,,,
キケンな嘘〜君への３つのウソ〜,73,073,,,キケンナウソキミヘノミッツノウソ,,,,,,,シャインパートナーズ,,しゃいんぱーとなーず,シャインパートナーズ,ARAHWI┴Studio TooN,,アラフィ┴スタジオトゥーン,,,,,,,,,,,,,,,,,,,,,,,,,,,,,kikenna_073,,,,,,,,,,
キケンな嘘〜君への３つのウソ〜,74,074,,,キケンナウソキミヘノミッツノウソ,,,,,,,シャインパートナーズ,,しゃいんぱーとなーず,シャインパートナーズ,ARAHWI┴Studio TooN,,アラフィ┴スタジオトゥーン,,,,,,,,,,,,,,,,,,,,,,,,,,,,,kikenna_074,,,,,,,,,,
キケンな嘘〜君への３つのウソ〜,75,075,,,キケンナウソキミヘノミッツノウソ,,,,,,,シャインパートナーズ,,しゃいんぱーとなーず,シャインパートナーズ,ARAHWI┴Studio TooN,,アラフィ┴スタジオトゥーン,,,,,,,,,,,,,,,,,,,,,,,,,,,,,kikenna_075,,,,,,,,,,
キケンな嘘〜君への３つのウソ〜,76,076,,,キケンナウソキミヘノミッツノウソ,,,,,,,シャインパートナーズ,,しゃいんぱーとなーず,シャインパートナーズ,ARAHWI┴Studio TooN,,アラフィ┴スタジオトゥーン,,,,,,,,,,,,,,,,,,,,,,,,,,,,,kikenna_076,,,,,,,,,,
キケンな嘘〜君への３つのウソ〜,77,077,,,キケンナウソキミヘノミッツノウソ,,,,,,,シャインパートナーズ,,しゃいんぱーとなーず,シャインパートナーズ,ARAHWI┴Studio TooN,,アラフィ┴スタジオトゥーン,,,,,,,,,,,,,,,,,,,,,,,,,,,,,kikenna_077,,,,,,,,,,
キケンな嘘〜君への３つのウソ〜,78,078,,,キケンナウソキミヘノミッツノウソ,,,,,,,シャインパートナーズ,,しゃいんぱーとなーず,シャインパートナーズ,ARAHWI┴Studio TooN,,アラフィ┴スタジオトゥーン,,,,,,,,,,,,,,,,,,,,,,,,,,,,,kikenna_078,,,,,,,,,,
キケンな嘘〜君への３つのウソ〜,79,079,,,キケンナウソキミヘノミッツノウソ,,,,,,,シャインパートナーズ,,しゃいんぱーとなーず,シャインパートナーズ,ARAHWI┴Studio TooN,,アラフィ┴スタジオトゥーン,,,,,,,,,,,,,,,,,,,,,,,,,,,,,kikenna_079,,,,,,,,,,
キケンな嘘〜君への３つのウソ〜,80,080,,,キケンナウソキミヘノミッツノウソ,,,,,,,シャインパートナーズ,,しゃいんぱーとなーず,シャインパートナーズ,ARAHWI┴Studio TooN,,アラフィ┴スタジオトゥーン,,,,,,,,,,,,,,,,,,,,,,,,,,,,,kikenna_080,,,,,,,,,,
キケンな嘘〜君への３つのウソ〜,81,081,,,キケンナウソキミヘノミッツノウソ,,,,,,,シャインパートナーズ,,しゃいんぱーとなーず,シャインパートナーズ,ARAHWI┴Studio TooN,,アラフィ┴スタジオトゥーン,,,,,,,,,,,,,,,,,,,,,,,,,,,,,kikenna_081,,,,,,,,,,
キケンな嘘〜君への３つのウソ〜,82,082,,,キケンナウソキミヘノミッツノウソ,,,,,,,シャインパートナーズ,,しゃいんぱーとなーず,シャインパートナーズ,ARAHWI┴Studio TooN,,アラフィ┴スタジオトゥーン,,,,,,,,,,,,,,,,,,,,,,,,,,,,,kikenna_082,,,,,,,,,,
キケンな嘘〜君への３つのウソ〜,83,083,,,キケンナウソキミヘノミッツノウソ,,,,,,,シャインパートナーズ,,しゃいんぱーとなーず,シャインパートナーズ,ARAHWI┴Studio TooN,,アラフィ┴スタジオトゥーン,,,,,,,,,,,,,,,,,,,,,,,,,,,,,kikenna_083,,,,,,,,,,
キケンな嘘〜君への３つのウソ〜,84,084,,,キケンナウソキミヘノミッツノウソ,,,,,,,シャインパートナーズ,,しゃいんぱーとなーず,シャインパートナーズ,ARAHWI┴Studio TooN,,アラフィ┴スタジオトゥーン,,,,,,,,,,,,,,,,,,,,,,,,,,,,,kikenna_084,,,,,,,,,,
キケンな嘘〜君への３つのウソ〜,85,085,,,キケンナウソキミヘノミッツノウソ,,,,,,,シャインパートナーズ,,しゃいんぱーとなーず,シャインパートナーズ,ARAHWI┴Studio TooN,,アラフィ┴スタジオトゥーン,,,,,,,,,,,,,,,,,,,,,,,,,,,,,kikenna_085,,,,,,,,,,
キケンな嘘〜君への３つのウソ〜,86,086,,,キケンナウソキミヘノミッツノウソ,,,,,,,シャインパートナーズ,,しゃいんぱーとなーず,シャインパートナーズ,ARAHWI┴Studio TooN,,アラフィ┴スタジオトゥーン,,,,,,,,,,,,,,,,,,,,,,,,,,,,,kikenna_086,,,,,,,,,,
キケンな嘘〜君への３つのウソ〜,87,087,,,キケンナウソキミヘノミッツノウソ,,,,,,,シャインパートナーズ,,しゃいんぱーとなーず,シャインパートナーズ,ARAHWI┴Studio TooN,,アラフィ┴スタジオトゥーン,,,,,,,,,,,,,,,,,,,,,,,,,,,,,kikenna_087,,,,,,,,,,
