キケンな嘘〜君への３つのウソ〜,51,051,,,キケンナウソキミヘノミッツノウソ,,,,,,,シャインパートナーズ,,しゃいんぱーとなーず,シャインパートナーズ,ARAHWI┴Studio TooN,,アラフィ┴スタジオトゥーン,,,,,,,,,,,,,,,,,,,,,,,,,,,,,kikenna051,,,,,,,,,,
キケンな嘘〜君への３つのウソ〜,52,052,,,キケンナウソキミヘノミッツノウソ,,,,,,,シャインパートナーズ,,しゃいんぱーとなーず,シャインパートナーズ,ARAHWI┴Studio TooN,,アラフィ┴スタジオトゥーン,,,,,,,,,,,,,,,,,,,,,,,,,,,,,kikenna052,,,,,,,,,,
キケンな嘘〜君への３つのウソ〜,53,053,,,キケンナウソキミヘノミッツノウソ,,,,,,,シャインパートナーズ,,しゃいんぱーとなーず,シャインパートナーズ,ARAHWI┴Studio TooN,,アラフィ┴スタジオトゥーン,,,,,,,,,,,,,,,,,,,,,,,,,,,,,kikenna053,,,,,,,,,,
キケンな嘘〜君への３つのウソ〜,54,054,,,キケンナウソキミヘノミッツノウソ,,,,,,,シャインパートナーズ,,しゃいんぱーとなーず,シャインパートナーズ,ARAHWI┴Studio TooN,,アラフィ┴スタジオトゥーン,,,,,,,,,,,,,,,,,,,,,,,,,,,,,kikenna054,,,,,,,,,,
キケンな嘘〜君への３つのウソ〜,55,055,,,キケンナウソキミヘノミッツノウソ,,,,,,,シャインパートナーズ,,しゃいんぱーとなーず,シャインパートナーズ,ARAHWI┴Studio TooN,,アラフィ┴スタジオトゥーン,,,,,,,,,,,,,,,,,,,,,,,,,,,,,kikenna055,,,,,,,,,,
キケンな嘘〜君への３つのウソ〜,56,056,,,キケンナウソキミヘノミッツノウソ,,,,,,,シャインパートナーズ,,しゃいんぱーとなーず,シャインパートナーズ,ARAHWI┴Studio TooN,,アラフィ┴スタジオトゥーン,,,,,,,,,,,,,,,,,,,,,,,,,,,,,kikenna056,,,,,,,,,,
キケンな嘘〜君への３つのウソ〜,57,057,,,キケンナウソキミヘノミッツノウソ,,,,,,,シャインパートナーズ,,しゃいんぱーとなーず,シャインパートナーズ,ARAHWI┴Studio TooN,,アラフィ┴スタジオトゥーン,,,,,,,,,,,,,,,,,,,,,,,,,,,,,kikenna057,,,,,,,,,,
キケンな嘘〜君への３つのウソ〜,58,058,,,キケンナウソキミヘノミッツノウソ,,,,,,,シャインパートナーズ,,しゃいんぱーとなーず,シャインパートナーズ,ARAHWI┴Studio TooN,,アラフィ┴スタジオトゥーン,,,,,,,,,,,,,,,,,,,,,,,,,,,,,kikenna058,,,,,,,,,,
キケンな嘘〜君への３つのウソ〜,59,059,,,キケンナウソキミヘノミッツノウソ,,,,,,,シャインパートナーズ,,しゃいんぱーとなーず,シャインパートナーズ,ARAHWI┴Studio TooN,,アラフィ┴スタジオトゥーン,,,,,,,,,,,,,,,,,,,,,,,,,,,,,kikenna059,,,,,,,,,,
キケンな嘘〜君への３つのウソ〜,60,060,,,キケンナウソキミヘノミッツノウソ,,,,,,,シャインパートナーズ,,しゃいんぱーとなーず,シャインパートナーズ,ARAHWI┴Studio TooN,,アラフィ┴スタジオトゥーン,,,,,,,,,,,,,,,,,,,,,,,,,,,,,kikenna060,,,,,,,,,,
キケンな嘘〜君への３つのウソ〜,61,061,,,キケンナウソキミヘノミッツノウソ,,,,,,,シャインパートナーズ,,しゃいんぱーとなーず,シャインパートナーズ,ARAHWI┴Studio TooN,,アラフィ┴スタジオトゥーン,,,,,,,,,,,,,,,,,,,,,,,,,,,,,kikenna061,,,,,,,,,,
キケンな嘘〜君への３つのウソ〜,62,062,,,キケンナウソキミヘノミッツノウソ,,,,,,,シャインパートナーズ,,しゃいんぱーとなーず,シャインパートナーズ,ARAHWI┴Studio TooN,,アラフィ┴スタジオトゥーン,,,,,,,,,,,,,,,,,,,,,,,,,,,,,kikenna062,,,,,,,,,,
キケンな嘘〜君への３つのウソ〜,63,063,,,キケンナウソキミヘノミッツノウソ,,,,,,,シャインパートナーズ,,しゃいんぱーとなーず,シャインパートナーズ,ARAHWI┴Studio TooN,,アラフィ┴スタジオトゥーン,,,,,,,,,,,,,,,,,,,,,,,,,,,,,kikenna063,,,,,,,,,,
キケンな嘘〜君への３つのウソ〜,64,064,,,キケンナウソキミヘノミッツノウソ,,,,,,,シャインパートナーズ,,しゃいんぱーとなーず,シャインパートナーズ,ARAHWI┴Studio TooN,,アラフィ┴スタジオトゥーン,,,,,,,,,,,,,,,,,,,,,,,,,,,,,kikenna064,,,,,,,,,,
キケンな嘘〜君への３つのウソ〜,65,065,,,キケンナウソキミヘノミッツノウソ,,,,,,,シャインパートナーズ,,しゃいんぱーとなーず,シャインパートナーズ,ARAHWI┴Studio TooN,,アラフィ┴スタジオトゥーン,,,,,,,,,,,,,,,,,,,,,,,,,,,,,kikenna065,,,,,,,,,,
