男だけど告白するのは怖いので、基本待ちの姿勢です,51,051,,,オトコダケドコクハクスルノハコワイノデキホンマチノシセイデス,,,,,,,シャインパートナーズ,,しゃいんぱーとなーず,シャインパートナーズ,Studio TooN,,スタジオトゥーン,,,,,,,,,,,,,,,,,,,,,,,,,,,,,otoko051,,,,,,,,,,
男だけど告白するのは怖いので、基本待ちの姿勢です,52,052,,,オトコダケドコクハクスルノハコワイノデキホンマチノシセイデス,,,,,,,シャインパートナーズ,,しゃいんぱーとなーず,シャインパートナーズ,Studio TooN,,スタジオトゥーン,,,,,,,,,,,,,,,,,,,,,,,,,,,,,otoko052,,,,,,,,,,
男だけど告白するのは怖いので、基本待ちの姿勢です,53,053,,,オトコダケドコクハクスルノハコワイノデキホンマチノシセイデス,,,,,,,シャインパートナーズ,,しゃいんぱーとなーず,シャインパートナーズ,Studio TooN,,スタジオトゥーン,,,,,,,,,,,,,,,,,,,,,,,,,,,,,otoko053,,,,,,,,,,
男だけど告白するのは怖いので、基本待ちの姿勢です,54,054,,,オトコダケドコクハクスルノハコワイノデキホンマチノシセイデス,,,,,,,シャインパートナーズ,,しゃいんぱーとなーず,シャインパートナーズ,Studio TooN,,スタジオトゥーン,,,,,,,,,,,,,,,,,,,,,,,,,,,,,otoko054,,,,,,,,,,
男だけど告白するのは怖いので、基本待ちの姿勢です,55,055,,,オトコダケドコクハクスルノハコワイノデキホンマチノシセイデス,,,,,,,シャインパートナーズ,,しゃいんぱーとなーず,シャインパートナーズ,Studio TooN,,スタジオトゥーン,,,,,,,,,,,,,,,,,,,,,,,,,,,,,otoko055,,,,,,,,,,
男だけど告白するのは怖いので、基本待ちの姿勢です,56,056,,,オトコダケドコクハクスルノハコワイノデキホンマチノシセイデス,,,,,,,シャインパートナーズ,,しゃいんぱーとなーず,シャインパートナーズ,Studio TooN,,スタジオトゥーン,,,,,,,,,,,,,,,,,,,,,,,,,,,,,otoko056,,,,,,,,,,
男だけど告白するのは怖いので、基本待ちの姿勢です,57,057,,,オトコダケドコクハクスルノハコワイノデキホンマチノシセイデス,,,,,,,シャインパートナーズ,,しゃいんぱーとなーず,シャインパートナーズ,Studio TooN,,スタジオトゥーン,,,,,,,,,,,,,,,,,,,,,,,,,,,,,otoko057,,,,,,,,,,
男だけど告白するのは怖いので、基本待ちの姿勢です,58,058,,,オトコダケドコクハクスルノハコワイノデキホンマチノシセイデス,,,,,,,シャインパートナーズ,,しゃいんぱーとなーず,シャインパートナーズ,Studio TooN,,スタジオトゥーン,,,,,,,,,,,,,,,,,,,,,,,,,,,,,otoko058,,,,,,,,,,
男だけど告白するのは怖いので、基本待ちの姿勢です,59,059,,,オトコダケドコクハクスルノハコワイノデキホンマチノシセイデス,,,,,,,シャインパートナーズ,,しゃいんぱーとなーず,シャインパートナーズ,Studio TooN,,スタジオトゥーン,,,,,,,,,,,,,,,,,,,,,,,,,,,,,otoko059,,,,,,,,,,
男だけど告白するのは怖いので、基本待ちの姿勢です,60,060,,,オトコダケドコクハクスルノハコワイノデキホンマチノシセイデス,,,,,,,シャインパートナーズ,,しゃいんぱーとなーず,シャインパートナーズ,Studio TooN,,スタジオトゥーン,,,,,,,,,,,,,,,,,,,,,,,,,,,,,otoko060,,,,,,,,,,
男だけど告白するのは怖いので、基本待ちの姿勢です,61,061,,,オトコダケドコクハクスルノハコワイノデキホンマチノシセイデス,,,,,,,シャインパートナーズ,,しゃいんぱーとなーず,シャインパートナーズ,Studio TooN,,スタジオトゥーン,,,,,,,,,,,,,,,,,,,,,,,,,,,,,otoko061,,,,,,,,,,
男だけど告白するのは怖いので、基本待ちの姿勢です,62,062,,,オトコダケドコクハクスルノハコワイノデキホンマチノシセイデス,,,,,,,シャインパートナーズ,,しゃいんぱーとなーず,シャインパートナーズ,Studio TooN,,スタジオトゥーン,,,,,,,,,,,,,,,,,,,,,,,,,,,,,otoko062,,,,,,,,,,
男だけど告白するのは怖いので、基本待ちの姿勢です,63,063,,,オトコダケドコクハクスルノハコワイノデキホンマチノシセイデス,,,,,,,シャインパートナーズ,,しゃいんぱーとなーず,シャインパートナーズ,Studio TooN,,スタジオトゥーン,,,,,,,,,,,,,,,,,,,,,,,,,,,,,otoko063,,,,,,,,,,
男だけど告白するのは怖いので、基本待ちの姿勢です,64,064,,,オトコダケドコクハクスルノハコワイノデキホンマチノシセイデス,,,,,,,シャインパートナーズ,,しゃいんぱーとなーず,シャインパートナーズ,Studio TooN,,スタジオトゥーン,,,,,,,,,,,,,,,,,,,,,,,,,,,,,otoko064,,,,,,,,,,
男だけど告白するのは怖いので、基本待ちの姿勢です,65,065,,,オトコダケドコクハクスルノハコワイノデキホンマチノシセイデス,,,,,,,シャインパートナーズ,,しゃいんぱーとなーず,シャインパートナーズ,Studio TooN,,スタジオトゥーン,,,,,,,,,,,,,,,,,,,,,,,,,,,,,otoko065,,,,,,,,,,
